PRAGMA foreign_keys = OFF;
DELETE FROM listings;
INSERT INTO listings (id, status, price, currency, type, bedrooms, bathrooms, area_sqm, created_at, updated_at, main_category, property_type, stage, featured, area_id) VALUES ('5b75c072-0bbb-4b0b-a478-04950ca86ff7', 'published', 45454, 'EUR', NULL, 2, 2, 2, '2026-02-24 21:36:54', '2026-02-24 22:17:18', 'for_sale', 'apartment', NULL, 0, '7a2354c0-5954-4d78-8a3d-1f32f0a23086');
INSERT INTO listings (id, status, price, currency, type, bedrooms, bathrooms, area_sqm, created_at, updated_at, main_category, property_type, stage, featured, area_id) VALUES ('d68ca301-3261-4e38-8891-bdc39257481a', 'published', 343434, 'EUR', NULL, 3, 3, 23, '2026-02-24 22:05:36', '2026-02-24 22:17:00', 'for_sale', 'house', 'resales', 0, '7a2354c0-5954-4d78-8a3d-1f32f0a23086');
INSERT INTO listings (id, status, price, currency, type, bedrooms, bathrooms, area_sqm, created_at, updated_at, main_category, property_type, stage, featured, area_id) VALUES ('22de4e6f-2ad4-4ba0-9e4a-1d16d606f378', 'published', 10000, 'EUR', NULL, 2, 2, 333, '2026-02-24 22:58:50', '2026-02-24 22:59:50', 'for_sale', 'penthouse', 'resales', 0, '33055a78-fd99-44ef-af05-c63651e5a9f9');
DELETE FROM listing_i18n;
INSERT INTO listing_i18n (id, listing_id, lang, title, description, location, slug, meta_title, meta_description) VALUES ('a10556a5-63b7-4d41-a639-5439a2ac8c79', '5b75c072-0bbb-4b0b-a478-04950ca86ff7', 'en', 'wewe', 'wewe', NULL, 'wewe', NULL, NULL);
INSERT INTO listing_i18n (id, listing_id, lang, title, description, location, slug, meta_title, meta_description) VALUES ('e0d6de60-8e62-4969-85ad-3efceab2fea2', 'd68ca301-3261-4e38-8891-bdc39257481a', 'en', 'Nice property ', 'soda  bla', NULL, 'nice-property', NULL, NULL);
INSERT INTO listing_i18n (id, listing_id, lang, title, description, location, slug, meta_title, meta_description) VALUES ('31c84753-a2b0-4a20-8528-16e87ad8fb89', '22de4e6f-2ad4-4ba0-9e4a-1d16d606f378', 'en', 'Vourvour', 'nice two hosr', NULL, NULL, NULL, NULL);
DELETE FROM countries;
INSERT INTO countries (id, code, created_at) VALUES ('9b1b1f69-35ae-4204-96f7-0488fe5fe36c', 'BG', '2026-02-24 21:50:15');
INSERT INTO countries (id, code, created_at) VALUES ('f0ab7376-5688-42be-a51e-010307d3f064', 'PL', '2026-02-24 21:51:32');
INSERT INTO countries (id, code, created_at) VALUES ('7c92b4d3-97dd-4249-9fb5-2c44c703ecf2', 'GR', '2026-02-24 22:57:03');
DELETE FROM cities;
INSERT INTO cities (id, country_id, created_at) VALUES ('c92645d3-7fda-4859-af87-c686ce6119bd', '9b1b1f69-35ae-4204-96f7-0488fe5fe36c', '2026-02-24 21:50:36');
INSERT INTO cities (id, country_id, created_at) VALUES ('b3f6a93b-3563-45fa-b78c-531d706df2ac', 'f0ab7376-5688-42be-a51e-010307d3f064', '2026-02-24 21:51:50');
INSERT INTO cities (id, country_id, created_at) VALUES ('a3d305fb-0507-4251-8bac-02361541d31e', 'f0ab7376-5688-42be-a51e-010307d3f064', '2026-02-24 22:56:49');
INSERT INTO cities (id, country_id, created_at) VALUES ('171777d4-f869-4bde-ba27-c84849a44505', '7c92b4d3-97dd-4249-9fb5-2c44c703ecf2', '2026-02-24 22:57:17');
DELETE FROM areas;
INSERT INTO areas (id, city_id, created_at) VALUES ('7a2354c0-5954-4d78-8a3d-1f32f0a23086', 'c92645d3-7fda-4859-af87-c686ce6119bd', '2026-02-24 21:51:02');
INSERT INTO areas (id, city_id, created_at) VALUES ('4b4ba8f5-fe1f-407a-a6f0-a6e3e442e152', 'c92645d3-7fda-4859-af87-c686ce6119bd', '2026-02-24 22:57:40');
INSERT INTO areas (id, city_id, created_at) VALUES ('33055a78-fd99-44ef-af05-c63651e5a9f9', '171777d4-f869-4bde-ba27-c84849a44505', '2026-02-24 22:58:04');
DELETE FROM location_i18n;
INSERT INTO location_i18n (id, entity_id, entity_type, lang, name, slug) VALUES ('e84b251a-5828-4d5d-a2b3-60aa8aface4c', '9b1b1f69-35ae-4204-96f7-0488fe5fe36c', 'country', 'en', 'Bulgaria', 'bulgaria');
INSERT INTO location_i18n (id, entity_id, entity_type, lang, name, slug) VALUES ('0f86d84b-17c3-4d90-9ab3-3097a93b0c37', '9b1b1f69-35ae-4204-96f7-0488fe5fe36c', 'country', 'bg', 'България', 'balgariya');
INSERT INTO location_i18n (id, entity_id, entity_type, lang, name, slug) VALUES ('c5d1a2d5-c93e-4a96-9bbe-714b26e3d7df', 'c92645d3-7fda-4859-af87-c686ce6119bd', 'city', 'en', 'Sofia', 'sofia');
INSERT INTO location_i18n (id, entity_id, entity_type, lang, name, slug) VALUES ('b4a8bc70-86f9-4f3b-b1f3-5de59043610c', 'c92645d3-7fda-4859-af87-c686ce6119bd', 'city', 'bg', 'София', 'sofiya');
INSERT INTO location_i18n (id, entity_id, entity_type, lang, name, slug) VALUES ('e8047d1f-9c7e-4a29-811e-28a5dfb5f9d9', '7a2354c0-5954-4d78-8a3d-1f32f0a23086', 'area', 'en', 'Mladost', 'mladost');
INSERT INTO location_i18n (id, entity_id, entity_type, lang, name, slug) VALUES ('e1383877-1d44-445f-9887-73536b10c854', '7a2354c0-5954-4d78-8a3d-1f32f0a23086', 'area', 'bg', 'Младост', 'mladost');
INSERT INTO location_i18n (id, entity_id, entity_type, lang, name, slug) VALUES ('693da107-30fb-4212-a7a7-be1d11b28448', 'f0ab7376-5688-42be-a51e-010307d3f064', 'country', 'en', 'Poland', 'poland');
INSERT INTO location_i18n (id, entity_id, entity_type, lang, name, slug) VALUES ('9289d597-70b9-4516-8ca9-fd8c46283ae5', 'f0ab7376-5688-42be-a51e-010307d3f064', 'country', 'bg', 'Полша', 'polsha');
INSERT INTO location_i18n (id, entity_id, entity_type, lang, name, slug) VALUES ('a03a57d8-a0f0-4bfb-b8fa-155f7c7a358e', 'b3f6a93b-3563-45fa-b78c-531d706df2ac', 'city', 'en', 'Poznan', 'poznan');
INSERT INTO location_i18n (id, entity_id, entity_type, lang, name, slug) VALUES ('d109452c-b359-4552-9e69-2a8d6fa36006', 'b3f6a93b-3563-45fa-b78c-531d706df2ac', 'city', 'bg', 'Познан', 'poznan');
INSERT INTO location_i18n (id, entity_id, entity_type, lang, name, slug) VALUES ('bf46284e-65d9-42f9-88a3-79074cfaabf9', 'a3d305fb-0507-4251-8bac-02361541d31e', 'city', 'en', 'Gdansk', NULL);
INSERT INTO location_i18n (id, entity_id, entity_type, lang, name, slug) VALUES ('15a83252-4411-4bfa-a74f-9c121aa2f638', 'a3d305fb-0507-4251-8bac-02361541d31e', 'city', 'bg', 'Гдайнск', NULL);
INSERT INTO location_i18n (id, entity_id, entity_type, lang, name, slug) VALUES ('3cb0e56e-475b-49b0-ab54-f63ca8bc784e', '7c92b4d3-97dd-4249-9fb5-2c44c703ecf2', 'country', 'en', 'Greece', NULL);
INSERT INTO location_i18n (id, entity_id, entity_type, lang, name, slug) VALUES ('e43d1cd4-8c07-4404-be93-8af71004459e', '7c92b4d3-97dd-4249-9fb5-2c44c703ecf2', 'country', 'bg', 'Гърция', NULL);
INSERT INTO location_i18n (id, entity_id, entity_type, lang, name, slug) VALUES ('072dfaf7-10ce-4ff6-a751-79ca26077177', '171777d4-f869-4bde-ba27-c84849a44505', 'city', 'en', 'Halkidiki', NULL);
INSERT INTO location_i18n (id, entity_id, entity_type, lang, name, slug) VALUES ('4da034ae-e411-4986-a1f6-55aae8d20c29', '171777d4-f869-4bde-ba27-c84849a44505', 'city', 'bg', 'Халкидики', NULL);
INSERT INTO location_i18n (id, entity_id, entity_type, lang, name, slug) VALUES ('31366880-0b75-473e-a7b6-237c7c124d3c', '4b4ba8f5-fe1f-407a-a6f0-a6e3e442e152', 'area', 'en', 'Dianabad', NULL);
INSERT INTO location_i18n (id, entity_id, entity_type, lang, name, slug) VALUES ('bba12003-5963-4990-85e3-e671fef801e9', '4b4ba8f5-fe1f-407a-a6f0-a6e3e442e152', 'area', 'bg', 'Дианабад', NULL);
INSERT INTO location_i18n (id, entity_id, entity_type, lang, name, slug) VALUES ('acb9ea8f-0baf-4012-b617-b43981c22012', '33055a78-fd99-44ef-af05-c63651e5a9f9', 'area', 'en', 'Vourvouro', NULL);
INSERT INTO location_i18n (id, entity_id, entity_type, lang, name, slug) VALUES ('0927db21-d1f6-4405-a81d-ff0d5070f128', '33055a78-fd99-44ef-af05-c63651e5a9f9', 'area', 'bg', 'Вурвуро', NULL);
DELETE FROM media;
INSERT INTO media (id, listing_id, r2_key, is_primary, created_at, sort_order) VALUES ('d4cdd076-f880-480c-bb07-8c7c0fa6b7b6', '5b75c072-0bbb-4b0b-a478-04950ca86ff7', 'listings/5b75c072-0bbb-4b0b-a478-04950ca86ff7/d4cdd076-f880-480c-bb07-8c7c0fa6b7b6.jpg', 0, '2026-02-24 22:01:05', 6);
INSERT INTO media (id, listing_id, r2_key, is_primary, created_at, sort_order) VALUES ('4421612d-7764-4533-b2d6-69c2c1bf39d7', '5b75c072-0bbb-4b0b-a478-04950ca86ff7', 'listings/5b75c072-0bbb-4b0b-a478-04950ca86ff7/4421612d-7764-4533-b2d6-69c2c1bf39d7.jpg', 0, '2026-02-24 22:01:06', 4);
INSERT INTO media (id, listing_id, r2_key, is_primary, created_at, sort_order) VALUES ('9fe04e1d-0765-471e-8445-9f92b1d2035d', '5b75c072-0bbb-4b0b-a478-04950ca86ff7', 'listings/5b75c072-0bbb-4b0b-a478-04950ca86ff7/9fe04e1d-0765-471e-8445-9f92b1d2035d.JPG', 0, '2026-02-24 22:01:27', 2);
INSERT INTO media (id, listing_id, r2_key, is_primary, created_at, sort_order) VALUES ('78e23c11-0690-4adf-8d06-44fbb1894d3b', '5b75c072-0bbb-4b0b-a478-04950ca86ff7', 'listings/5b75c072-0bbb-4b0b-a478-04950ca86ff7/78e23c11-0690-4adf-8d06-44fbb1894d3b.JPG', 0, '2026-02-24 22:01:27', 3);
INSERT INTO media (id, listing_id, r2_key, is_primary, created_at, sort_order) VALUES ('ce488d74-898f-4881-a3fe-59a0934b9b80', '5b75c072-0bbb-4b0b-a478-04950ca86ff7', 'listings/5b75c072-0bbb-4b0b-a478-04950ca86ff7/ce488d74-898f-4881-a3fe-59a0934b9b80.JPG', 0, '2026-02-24 22:01:27', 5);
INSERT INTO media (id, listing_id, r2_key, is_primary, created_at, sort_order) VALUES ('c2e0052e-1cea-4069-80c4-281730270abe', '5b75c072-0bbb-4b0b-a478-04950ca86ff7', 'listings/5b75c072-0bbb-4b0b-a478-04950ca86ff7/c2e0052e-1cea-4069-80c4-281730270abe.JPG', 0, '2026-02-24 22:01:28', 1);
INSERT INTO media (id, listing_id, r2_key, is_primary, created_at, sort_order) VALUES ('5894d327-f60e-4de3-8c1c-9eb895da080d', 'd68ca301-3261-4e38-8891-bdc39257481a', 'listings/d68ca301-3261-4e38-8891-bdc39257481a/5894d327-f60e-4de3-8c1c-9eb895da080d.webp', 0, '2026-02-24 22:05:54', 2);
INSERT INTO media (id, listing_id, r2_key, is_primary, created_at, sort_order) VALUES ('8dc2d6c9-0bde-4017-9d0d-b5aeeba519da', 'd68ca301-3261-4e38-8891-bdc39257481a', 'listings/d68ca301-3261-4e38-8891-bdc39257481a/8dc2d6c9-0bde-4017-9d0d-b5aeeba519da.webp', 0, '2026-02-24 22:05:54', 3);
INSERT INTO media (id, listing_id, r2_key, is_primary, created_at, sort_order) VALUES ('5b3a3dec-59df-4140-b8e5-c2ef77fc8c5b', 'd68ca301-3261-4e38-8891-bdc39257481a', 'listings/d68ca301-3261-4e38-8891-bdc39257481a/5b3a3dec-59df-4140-b8e5-c2ef77fc8c5b.webp', 0, '2026-02-24 22:05:55', 4);
INSERT INTO media (id, listing_id, r2_key, is_primary, created_at, sort_order) VALUES ('9cc8e226-4f9a-4faf-a8ac-41aa8ceff1e0', 'd68ca301-3261-4e38-8891-bdc39257481a', 'listings/d68ca301-3261-4e38-8891-bdc39257481a/9cc8e226-4f9a-4faf-a8ac-41aa8ceff1e0.webp', 0, '2026-02-24 22:05:55', 5);
INSERT INTO media (id, listing_id, r2_key, is_primary, created_at, sort_order) VALUES ('fbcac6c9-7c59-4e95-bb7d-f94bb157c10e', 'd68ca301-3261-4e38-8891-bdc39257481a', 'listings/d68ca301-3261-4e38-8891-bdc39257481a/fbcac6c9-7c59-4e95-bb7d-f94bb157c10e.webp', 0, '2026-02-24 22:05:56', 6);
INSERT INTO media (id, listing_id, r2_key, is_primary, created_at, sort_order) VALUES ('29edd0e6-e358-4ecc-9fc0-d2e125b93670', 'd68ca301-3261-4e38-8891-bdc39257481a', 'listings/d68ca301-3261-4e38-8891-bdc39257481a/29edd0e6-e358-4ecc-9fc0-d2e125b93670.webp', 0, '2026-02-24 22:05:56', 7);
INSERT INTO media (id, listing_id, r2_key, is_primary, created_at, sort_order) VALUES ('79bf5050-3fe7-4ab6-9467-683e2605df24', 'd68ca301-3261-4e38-8891-bdc39257481a', 'listings/d68ca301-3261-4e38-8891-bdc39257481a/79bf5050-3fe7-4ab6-9467-683e2605df24.webp', 0, '2026-02-24 22:05:57', 1);
INSERT INTO media (id, listing_id, r2_key, is_primary, created_at, sort_order) VALUES ('3e4b48bb-e895-4d6d-af99-cb6ddfda3ba2', '22de4e6f-2ad4-4ba0-9e4a-1d16d606f378', 'listings/22de4e6f-2ad4-4ba0-9e4a-1d16d606f378/3e4b48bb-e895-4d6d-af99-cb6ddfda3ba2.jpeg', 0, '2026-02-24 22:59:03', 1);
INSERT INTO media (id, listing_id, r2_key, is_primary, created_at, sort_order) VALUES ('cc52cac3-e3db-4f86-9e4d-425bbf6f33d1', '22de4e6f-2ad4-4ba0-9e4a-1d16d606f378', 'listings/22de4e6f-2ad4-4ba0-9e4a-1d16d606f378/cc52cac3-e3db-4f86-9e4d-425bbf6f33d1.jpeg', 0, '2026-02-24 22:59:04', 2);
INSERT INTO media (id, listing_id, r2_key, is_primary, created_at, sort_order) VALUES ('6ad17d87-0b79-4cfc-a16c-71114c9847bc', '22de4e6f-2ad4-4ba0-9e4a-1d16d606f378', 'listings/22de4e6f-2ad4-4ba0-9e4a-1d16d606f378/6ad17d87-0b79-4cfc-a16c-71114c9847bc.jpeg', 0, '2026-02-24 22:59:04', 3);
INSERT INTO media (id, listing_id, r2_key, is_primary, created_at, sort_order) VALUES ('6aeff6e4-9e9e-48fe-b63e-4cf3e11ae898', '22de4e6f-2ad4-4ba0-9e4a-1d16d606f378', 'listings/22de4e6f-2ad4-4ba0-9e4a-1d16d606f378/6aeff6e4-9e9e-48fe-b63e-4cf3e11ae898.avif', 0, '2026-02-24 22:59:05', 4);
DELETE FROM listing_extras;
PRAGMA foreign_keys = ON;